{"frames": [

{
	"filename": "shadow",
	"frame": {"x":0,"y":0,"w":80,"h":80},
	"rotated": false,
	"trimmed": false,
	"spriteSourceSize": {"x":0,"y":0,"w":80,"h":80},
	"sourceSize": {"w":80,"h":80}
},
{
	"filename": "tank1",
	"frame": {"x":190,"y":52,"w":54,"h":52},
	"rotated": false,
	"trimmed": true,
	"spriteSourceSize": {"x":3,"y":5,"w":54,"h":52},
	"sourceSize": {"w":64,"h":64}
},
{
	"filename": "tank2",
	"frame": {"x":136,"y":52,"w":54,"h":52},
	"rotated": false,
	"trimmed": true,
	"spriteSourceSize": {"x":3,"y":5,"w":54,"h":52},
	"sourceSize": {"w":64,"h":64}
},
{
	"filename": "tank3",
	"frame": {"x":80,"y":54,"w":56,"h":54},
	"rotated": false,
	"trimmed": true,
	"spriteSourceSize": {"x":2,"y":4,"w":56,"h":54},
	"sourceSize": {"w":64,"h":64}
},
{
	"filename": "tank4",
	"frame": {"x":190,"y":0,"w":54,"h":52},
	"rotated": false,
	"trimmed": true,
	"spriteSourceSize": {"x":3,"y":5,"w":54,"h":52},
	"sourceSize": {"w":64,"h":64}
},
{
	"filename": "tank5",
	"frame": {"x":136,"y":0,"w":54,"h":52},
	"rotated": false,
	"trimmed": true,
	"spriteSourceSize": {"x":3,"y":5,"w":54,"h":52},
	"sourceSize": {"w":64,"h":64}
},
{
	"filename": "tank6",
	"frame": {"x":80,"y":0,"w":56,"h":54},
	"rotated": false,
	"trimmed": true,
	"spriteSourceSize": {"x":2,"y":4,"w":56,"h":54},
	"sourceSize": {"w":64,"h":64}
},
{
	"filename": "tracks",
	"frame": {"x":48,"y":80,"w":24,"h":12},
	"rotated": false,
	"trimmed": false,
	"spriteSourceSize": {"x":0,"y":0,"w":24,"h":12},
	"sourceSize": {"w":24,"h":12}
},
{
	"filename": "turret",
	"frame": {"x":0,"y":80,"w":48,"h":28},
	"rotated": false,
	"trimmed": true,
	"spriteSourceSize": {"x":1,"y":2,"w":48,"h":28},
	"sourceSize": {"w":50,"h":32}
}],
"meta": {
	"app": "http://www.codeandweb.com/texturepacker ",
	"version": "1.0",
	"image": "tanks.png",
	"format": "RGBA8888",
	"size": {"w":244,"h":108},
	"scale": "1",
	"smartupdate": "$TexturePacker:SmartUpdate:99b2f74fa157c5b63e72b0d68be078b4:1/1$"
}
}
